ID,OS_YEARS
KYW1,0.5238249845303504
KYW2,0.09450953135781393
KYW3,0.3446352581537635
KYW4,0.6098694630661983
KYW5,0.41921831538955656
KYW6,0.9961097593475313
KYW7,0.3339205267932669
KYW8,0.6148763014915033
KYW9,0.3069288099714992
KYW10,0.02573742345543739
KYW11,0.8096667126772786
KYW12,0.6753233381820295
KYW13,0.1864457738188099
KYW14,0.5136497541899487
KYW15,0.35931815735713246
KYW16,0.5800062080222563
KYW17,0.27525647438733924
KYW18,0.8182871495196526
KYW19,0.267285494205602
KYW20,0.34741906113554744
KYW21,0.8702357467666851
KYW22,0.7986534214929795
KYW23,0.5682633955286897
KYW24,0.5971324831456752
KYW25,0.4706610280065465
KYW26,0.5108844896465006
KYW27,0.8989755393296407
KYW28,0.8370271465189457
KYW29,0.9260029587710732
KYW30,0.8244439557866355
KYW31,0.9167382515819218
KYW32,0.6839534066517012
KYW33,0.46916296237906263
KYW34,0.8026143909986161
KYW35,0.5622595486430195
KYW36,0.49441275845671784
KYW37,0.14973526374279023
KYW38,0.06855466917216457
KYW39,0.9175992130808529
KYW40,0.4104474740383519
KYW41,0.5342123059490269
KYW42,0.8282351449541846
KYW43,0.6348047495098951
KYW44,0.6363481130715829
KYW45,0.36085597725461327
KYW46,0.925757730904658
KYW47,0.9006716461197118
KYW48,0.44808492415927326
KYW49,0.575744732348067
KYW50,0.1778830204496562
KYW51,0.5473969252910883
KYW52,0.5092602748910844
KYW53,0.9711961022951988
KYW54,0.12545358892079228
KYW55,0.20521500254038105
KYW56,0.6568639422127952
KYW57,0.07540459996809623
KYW58,0.4737098368768752
KYW59,0.6512323237202821
KYW60,0.9759742082983762
KYW61,0.10263783737533105
KYW62,0.7813411263305805
KYW63,0.2717733869615566
KYW64,0.497057171744671
KYW65,0.6513868611392509
KYW66,0.1048745904114664
KYW67,0.6916794312929044
KYW68,0.12246072384135132
KYW69,0.22544652642665486
KYW70,0.21279650593948007
KYW71,0.3594807624592654
KYW72,0.028308697605863742
KYW73,0.08749547337550856
KYW74,0.6973285565456663
KYW75,0.2463601044842363
KYW76,0.06361136902190034
KYW77,0.7085982159610918
KYW78,0.0462951437429181
KYW79,0.456433185066478
KYW80,0.8790237658558194
KYW81,0.09442908673803585
KYW82,0.6836603754096833
KYW83,0.37096487104746523
KYW84,0.5254399756182594
KYW85,0.65169532653664
KYW86,0.9666135569972714
KYW87,0.9905906445837844
KYW88,0.030929654392274575
KYW89,0.4802672791715725
KYW90,0.5076296707592025
KYW91,0.1660235101989448
KYW92,0.8813138909943599
KYW93,0.9825421933789973
KYW94,0.5731932195328303
KYW95,0.38107445016935415
KYW96,0.6581339242579508
KYW97,0.3125908296880424
KYW98,0.9944042417128102
KYW99,0.2903583155901355
KYW100,0.01849540668377314
KYW101,0.41842376420331107
KYW102,0.30254180120916363
KYW103,0.04924768038168825
KYW104,0.07796806435277448
KYW105,0.09398603265180994
KYW106,0.4722039357094695
KYW107,0.15175677282090239
KYW108,0.4669327288833717
KYW109,0.16471710547412954
KYW110,0.12704188736764355
KYW111,0.8985838192046574
KYW112,0.1595423197343544
KYW113,0.9044577108297328
KYW114,0.76199804023174
KYW115,0.5044026197405131
KYW116,0.19133309652074415
KYW117,0.20526817032473899
KYW118,0.4302024876000927
KYW119,0.4336790587402217
KYW120,0.7973051507122103
KYW121,0.5419275434622438
KYW122,0.3083799097378387
KYW123,0.8743634880772616
KYW124,0.9633062761388305
KYW125,0.6402772246529217
KYW126,0.961788849834509
KYW127,0.7167421029872182
KYW128,0.48644541366019456
KYW129,0.9619861914061688
KYW130,0.7449274529414275
KYW131,0.17557771349150597
KYW132,0.35742468644922143
KYW133,0.05890151931475729
KYW134,0.46244924678880295
KYW135,0.5232521561231718
KYW136,0.31714814106181244
KYW137,0.6322759108739449
KYW138,0.18898564671436968
KYW139,0.8789004312145653
KYW140,0.6151897359849079
KYW141,0.04324247142102322
KYW142,0.4824807440889102
KYW143,0.7049445758822048
KYW144,0.8972549704398955
KYW145,0.8560027332504748
KYW146,0.569121756971732
KYW147,0.6232760892594144
KYW148,0.9580929111987081
KYW149,0.9814560310114324
KYW150,0.25155058833816335
KYW151,0.531107787211399
KYW152,0.26064561635200345
KYW153,0.6773281956703424
KYW154,0.20814070915731686
KYW155,0.30455267251036444
KYW156,0.5756353353142892
KYW157,0.5712856922203906
KYW158,0.012508274301931466
KYW159,0.14837550248083475
KYW160,0.7598797876701808
KYW161,0.5954662046885781
KYW162,0.6894084005192695
KYW163,0.0483625581837539
KYW164,0.48159096887062713
KYW165,0.1855058281018508
KYW166,0.5028744328485821
KYW167,0.8448953270066568
KYW168,0.49177958297500146
KYW169,0.04999400034403623
KYW170,0.9071308015623747
KYW171,0.7738393381574911
KYW172,0.28042307046632253
KYW173,0.2637747556338993
KYW174,0.8191822471901763
KYW175,0.2579781276729811
KYW176,0.1822961236867351
KYW177,0.09119912023007781
KYW178,0.9362218636982389
KYW179,0.4348783679150575
KYW180,0.7735145658941096
KYW181,0.15457777164827302
KYW182,0.6445584315432256
KYW183,0.8026549177103549
KYW184,0.763758631486121
KYW185,0.7521798959947473
KYW186,0.6920504025312283
KYW187,0.8039784648780904
KYW188,0.5644588561767491
KYW189,0.7961501971223379
KYW190,0.8887468477671381
KYW191,0.08131422131591914
KYW192,0.35053112397430364
KYW193,0.8428228594124909
KYW194,0.33343090546172127
KYW195,0.7397751812657548
KYW196,0.3530689067777335
KYW197,0.33390404779778304
KYW198,0.619452911683568
KYW199,0.5089928737924988
KYW200,0.9382368080184812
KYW201,0.9614435388302905
KYW202,0.664940866558072
KYW203,0.44848533478595587
KYW204,0.9638855453248039
KYW205,0.3441206120598913
KYW206,0.3615456973861818
KYW207,0.18138156956955842
KYW208,0.6582913215539308
KYW209,0.14893664742232826
KYW210,0.945205868720407
KYW211,0.0798471543379462
KYW212,0.2975231215692524
KYW213,0.481921834688556
KYW214,0.18295248440611744
KYW215,0.5778621480275261
KYW216,0.5568716441580261
KYW217,0.0970990801674656
KYW218,0.7505099503905346
KYW219,0.8088066041056603
KYW220,0.7272201348673404
KYW221,0.1515949556581624
KYW222,0.7480799140294047
KYW223,0.0007802937551052436
KYW224,0.6963222699151199
KYW225,0.42511420252392607
KYW226,0.2857146512135368
KYW227,0.9319584605181291
KYW228,0.39960101246428137
KYW229,0.44165144898247877
KYW230,0.15824036304291866
KYW231,0.07357547739133796
KYW232,0.6192150261990743
KYW233,0.4201696811751745
KYW234,0.7700843804998697
KYW235,0.10355580533732633
KYW236,0.40276638550036215
KYW237,0.5838429139850039
KYW238,0.5536827338237102
KYW239,0.07624284967410311
KYW240,0.34477984581991317
KYW241,0.18010522520847372
KYW242,0.5627491249056266
KYW243,0.1459967456506015
KYW244,0.7148240480038919
KYW245,0.006027127479903305
KYW246,0.7073461192189112
KYW247,0.6600770305434196
KYW248,0.4348600098453014
KYW249,0.5855783051168568
KYW250,0.73804879625934
KYW251,0.14366453283235392
KYW252,0.7158144469436297
KYW253,0.7113624384940526
KYW254,0.1685341978632885
KYW255,0.8520034236211749
KYW256,0.49077246035181354
KYW257,0.12253023524140716
KYW258,0.6654379804353765
KYW259,0.4896097493409851
KYW260,0.8048573238436466
KYW261,0.7579450875584337
KYW262,0.5176574363303391
KYW263,0.021678488413952146
KYW264,0.835662003587612
KYW265,0.46697820196648365
KYW266,0.10008286473309325
KYW267,0.7818470381120419
KYW268,0.5488984361803284
KYW269,0.330110903480053
KYW270,0.5825696423892144
KYW271,0.175301226713107
KYW272,0.1469511278333493
KYW273,0.5947445814748973
KYW274,0.4171362704965035
KYW275,0.7244330586424762
KYW276,0.996345694059175
KYW277,0.9455350836426734
KYW278,0.4449823000877189
KYW279,0.7482638918161939
KYW280,0.7018458257116695
KYW281,0.13798119524043695
KYW282,0.37312914113287976
KYW283,0.30241703807508
KYW284,0.47349645710384525
KYW285,0.3848262721186708
KYW286,0.7240097278397993
KYW287,0.6513705203028115
KYW288,0.9937128912201046
KYW289,0.054901074479285605
KYW290,0.7109949484197413
KYW291,0.9847546147596162
KYW292,0.48217480651471833
KYW293,0.765521957332312
KYW294,0.6728945016091551
KYW295,0.4042968568948513
KYW296,0.8252711707982218
KYW297,0.29251379968664815
KYW298,0.06141660908983271
KYW299,0.7351140234016584
KYW300,0.4053836821857326
KYW301,0.024905626017688642
KYW302,0.5051965031219801
KYW303,0.6873423296306908
KYW304,0.5318137112900881
KYW305,0.6839215654872729
KYW306,0.5234094903814511
KYW307,0.003199214408225348
KYW308,0.25311976649627665
KYW309,0.20570026268091457
KYW310,0.11690400372819432
KYW311,0.7129296959546044
KYW312,0.4838918298722136
KYW313,0.7632675019409291
KYW314,0.16920444258598022
KYW315,0.9557612231326039
KYW316,0.011924401513292993
KYW317,0.711288352104256
KYW318,0.6343105939864618
KYW319,0.002241853994122134
KYW320,0.47164968947970887
KYW321,0.6258637394234036
KYW322,0.16968725147714003
KYW323,0.02543640169495298
KYW324,0.38183891764429945
KYW325,0.359818051292468
KYW326,0.19351331521477466
KYW327,0.7275287705774024
KYW328,0.9946146193589522
KYW329,0.8712392250154705
KYW330,0.3075755829052782
KYW331,0.33510468555909867
KYW332,0.09117141539662776
KYW333,0.33417482504147955
KYW334,0.8751213568576383
KYW335,0.9069845840758486
KYW336,0.47940419289682235
KYW337,0.18690256380797743
KYW338,0.2292941485073594
KYW339,0.23247447387950648
KYW340,0.05062662288544528
KYW341,0.7040722799819256
KYW342,0.5337333046805012
KYW343,0.5372976702227492
KYW344,0.522012173374531
KYW345,0.5352857216255282
KYW346,0.5263232570989556
KYW347,0.9907627037182724
KYW348,0.9369610030988302
KYW349,0.43135855529497924
KYW350,0.6031206660854408
KYW351,0.194033148110631
KYW352,0.6461186195220774
KYW353,0.03616495859456936
KYW354,0.471757464642788
KYW355,0.8799035757918144
KYW356,0.4071938903640585
KYW357,0.04082332223646845
KYW358,0.4774567630916272
KYW359,0.6705720174127349
KYW360,0.6941932637953769
KYW361,0.07516115433348003
KYW362,0.24143050816779665
KYW363,0.32764628230504167
KYW364,0.5225035186851871
KYW365,0.6926898328084778
KYW366,0.1930707163373968
KYW367,0.6770123710651776
KYW368,0.6169056689651079
KYW369,0.08643035532011767
KYW370,0.061732028936418715
KYW371,0.3711181572911624
KYW372,0.4369272629490243
KYW373,0.23695445354756628
KYW374,0.10277779991344493
KYW375,0.0939801968942684
KYW376,0.5222347632958967
KYW377,0.4437669509950686
KYW378,0.8806831972656627
KYW379,0.8989745454128162
KYW380,0.9179974379367462
KYW381,0.22497322968492306
KYW382,0.4998479805997401
KYW383,0.33289625101453413
KYW384,0.2764526546154876
KYW385,0.18987144268817402
KYW386,0.13990806190892657
KYW387,0.933330339136807
KYW388,0.8173519500752743
KYW389,0.9347958127925627
KYW390,0.6098986088332419
KYW391,0.5317911283996188
KYW392,0.6956142664492913
KYW393,0.15545458521810518
KYW394,0.27237903079421166
KYW395,0.6520967179263859
KYW396,0.8556155164202658
KYW397,0.12122060518715427
KYW398,0.3363033342855789
KYW399,0.3788311201010628
KYW400,0.6074112631354384
KYW401,0.4331910423031722
KYW402,0.5552400127730298
KYW403,0.9156823892657879
KYW404,0.5604258542366816
KYW405,0.7221830353796126
KYW406,0.18500518947144495
KYW407,0.30419229632069
KYW408,0.3986908825796005
KYW409,0.7695928913324364
KYW410,0.9354919844658299
KYW411,0.8445547651714318
KYW412,0.11517250733847295
KYW413,0.23129084164880764
KYW414,0.20032733749542986
KYW415,0.08311629907823381
KYW416,0.16725850282098464
KYW417,0.9462027728471215
KYW418,0.08936688756157762
KYW419,0.07187530604217662
KYW420,0.8946804194648733
KYW421,0.8698287524718823
KYW422,0.8380218434710581
KYW423,0.4412585705820342
KYW424,0.5155892037520782
KYW425,0.6782922962351241
KYW426,0.8318495976922916
KYW427,0.6304217408700509
KYW428,0.8020216646889828
KYW429,0.29219676873800604
KYW430,0.4746082380090405
KYW431,0.8829319791185828
KYW432,0.03205281571192076
KYW433,0.25054130277074316
KYW434,0.036975535459251585
KYW435,0.4326561617959931
KYW436,0.08431384853131396
KYW437,0.38380445988239864
KYW438,0.33109250394100154
KYW439,0.3980286933587053
KYW440,0.9128129286558234
KYW441,0.048407608497023746
KYW442,0.29846011035295106
KYW443,0.44733038866989183
KYW444,0.7388841596210394
KYW445,0.475320593189947
KYW446,0.5375732535258056
KYW447,0.5704032265212693
KYW448,0.11514544904697499
KYW449,0.31097317111698697
KYW450,0.8842209629325372
KYW451,0.17808078520701254
KYW452,0.4409402499606292
KYW453,0.7605397499793844
KYW454,0.9745133670616603
KYW455,0.8016463103494188
KYW456,0.564458422129409
KYW457,0.33547781578564506
KYW458,0.3369063290100305
KYW459,0.3709527904671712
KYW460,0.7332254316404986
KYW461,0.17792617676408062
KYW462,0.17046108300901208
KYW463,0.13391481815861672
KYW464,0.35614023990721133
KYW465,0.2321513610590249
KYW466,0.7423078949817121
KYW467,0.9807747931156733
KYW468,0.13497736817999662
KYW469,0.8390448484123143
KYW470,0.9806346817874155
KYW471,0.5948155936299097
KYW472,0.8785862738093266
KYW473,0.8105629270763431
KYW474,0.02393385664109826
KYW475,0.368131162681521
KYW476,0.7359395480373467
KYW477,0.9436647356466105
KYW478,0.7075968073982282
KYW479,0.08457234737615082
KYW480,0.8350139614318268
KYW481,0.37279445676176093
KYW482,0.14152832821006878
KYW483,0.7126308411450185
KYW484,0.8615662262702675
KYW485,0.26742856507268
KYW486,0.5523658318722483
KYW487,0.9219766524280197
KYW488,0.44052050651754326
KYW489,0.1081660539569258
KYW490,0.24739001000410066
KYW491,0.2809821060842038
KYW492,0.20130270546205242
KYW493,0.13769792920294643
KYW494,0.8253725235833975
KYW495,0.045154612847619124
KYW496,0.3538729026985318
KYW497,0.02702671319287031
KYW498,0.1190860805825178
KYW499,0.9829332978996336
KYW500,0.05773014138980681
KYW501,0.01425084910565666
KYW502,0.20048247204133662
KYW503,0.2561351382242433
KYW504,0.5604668358186184
KYW505,0.7901403337706822
KYW506,0.4884232996945903
KYW507,0.3397521230000058
KYW508,0.07212990300307309
KYW509,0.4446213699470283
KYW510,0.3532725857688147
KYW511,0.6073839310184237
KYW512,0.9466109300159989
KYW513,0.32943141481809923
KYW514,0.5716963421220989
KYW515,0.90627211395775
KYW516,0.3108150463029531
KYW517,0.28599486984303446
KYW518,0.360431920361562
KYW519,0.41338891284553514
KYW520,0.20081715530606326
KYW521,0.009264296449205123
KYW522,0.6960909642914599
KYW523,0.8253197148165493
KYW524,0.3273868172119462
KYW525,0.9736397534167152
KYW526,0.9435734458252605
KYW527,0.18555920738609077
KYW528,0.7396825007006647
KYW529,0.39987973750663186
KYW530,0.4275006212011009
KYW531,0.28095523990046933
KYW532,0.04191333740344794
KYW533,0.6860967070076984
KYW534,0.07261679734792104
KYW535,0.35569812778920373
KYW536,0.8074502365698305
KYW537,0.7734967349780352
KYW538,0.8013508116168105
KYW539,0.9809433828102836
KYW540,0.09041512142187913
KYW541,0.08187644462287091
KYW542,0.9083369999065019
KYW543,0.7383883695126503
KYW544,0.7087116583258437
KYW545,0.129357705020006
KYW546,0.4678892183258112
KYW547,0.3076524632569183
KYW548,0.3656757142160414
KYW549,0.11643796505452264
KYW550,0.1282767029664934
KYW551,0.6679192206743874
KYW552,0.9653678876938766
KYW553,0.6497601135725558
KYW554,0.7975370662282939
KYW555,0.21495915474574057
KYW556,0.9983409089946527
KYW557,0.9037837246127725
KYW558,0.14441014637429017
KYW559,0.08792518649606784
KYW560,0.8699099308671666
KYW561,0.8991708407978591
KYW562,0.06626701154459624
KYW563,0.5499938001935736
KYW564,0.004743333651539117
KYW565,0.1349839163590485
KYW566,0.8138366566532489
KYW567,0.7003569674717273
KYW568,0.33358451630615193
KYW569,0.846043331043879
KYW570,0.6307678407000555
KYW571,0.4261578422833777
KYW572,0.342446327979983
KYW573,0.8721898686442723
KYW574,0.6172429911638888
KYW575,0.9529351615656831
KYW576,0.2215731088809174
KYW577,0.42904335560283235
KYW578,0.11332585817879082
KYW579,0.125614979314689
KYW580,0.509607568368547
KYW581,0.147633741106598
KYW582,0.47106542518034833
KYW583,0.1349797294337688
KYW584,0.39443483552629
KYW585,0.6355534504020703
KYW586,0.7697616583987379
KYW587,0.29613529025931484
KYW588,0.05824895233381111
KYW589,0.3786080128374615
KYW590,0.026705210601525975
KYW591,0.7314505786802465
KYW592,0.5446354042673891
KYW593,0.5327262233542683
KYW594,0.9537672069832356
KYW595,0.6802223052494065
KYW596,0.745807691672701
KYW597,0.8661470557104338
KYW598,0.4116408474533485
KYW599,0.07716543409844756
KYW600,0.6478744138672169
KYW601,0.6231052598356863
KYW602,0.015400864589971919
KYW603,0.6117093769137283
KYW604,0.4253946986199816
KYW605,0.5902001912069612
KYW606,0.4360369625455889
KYW607,0.7577710148648196
KYW608,0.7522785179999368
KYW609,0.9123241028402308
KYW610,0.0773592940752672
KYW611,0.18335026669271748
KYW612,0.8622062730831258
KYW613,0.7927815320261061
KYW614,0.9591476521285848
KYW615,0.5698141313138146
KYW616,0.6161370687551129
KYW617,0.3396303452256402
KYW618,0.6216652983389604
KYW619,0.7754907454875141
KYW620,0.13943017604211494
KYW621,0.9976928528478144
KYW622,0.9745479850230265
KYW623,0.5277579651328124
KYW624,0.07225506331664133
KYW625,0.2079967958993444
KYW626,0.8082871932390794
KYW627,0.7947635473609787
KYW628,0.6154985269623374
KYW629,0.8965870298551416
KYW630,0.1002372304098661
KYW631,0.5477163396935162
KYW632,0.8492828006028637
KYW633,0.19505230046000266
KYW634,0.8704752106700786
KYW635,0.8404245028271586
KYW636,0.38229753444064385
KYW637,0.9207893287892162
KYW638,0.008915563912793356
KYW639,0.21392648834442618
KYW640,0.4677875125910794
KYW641,0.9523892125030579
KYW642,0.6624427502615622
KYW643,0.8293246931941977
KYW644,0.5183903742328896
KYW645,0.15485035389636226
KYW646,0.5783152370469099
KYW647,0.39749175327680386
KYW648,0.1757541235936111
KYW649,0.4124320062869683
KYW650,0.9058072653609436
KYW651,0.19757635270246154
KYW652,0.6930417445762781
KYW653,0.7654451966633309
KYW654,0.4820122560160459
KYW655,0.6759109361835384
KYW656,0.8045480504157612
KYW657,0.6074184204171557
KYW658,0.26977481311168294
KYW659,0.17987302847848818
KYW660,0.6719292090365735
KYW661,0.6741658939770877
KYW662,0.43066006514334576
KYW663,0.7962069264691051
KYW664,0.2864882320162113
KYW665,0.031596603024440895
KYW666,0.8677707939697237
KYW667,0.47154631522117774
KYW668,0.5547417338309222
KYW669,0.41241802684836004
KYW670,0.44820623593497444
KYW671,0.21497796863236873
KYW672,0.11866780213831818
KYW673,0.45396762430509396
KYW674,0.6077037488898483
KYW675,0.9280617273158147
KYW676,0.4633091605752211
KYW677,0.39370744962140036
KYW678,0.9606954654064712
KYW679,0.8929648856354435
KYW680,0.38415376622550945
KYW681,0.32021852038224385
KYW682,0.0022134586849391624
KYW683,0.4342724493153476
KYW684,0.24064345778725826
KYW685,0.3505942857028963
KYW686,0.7077255646450434
KYW687,0.28106329105517147
KYW688,0.5191556379991814
KYW689,0.2766692897301761
KYW690,0.16309826193062316
KYW691,0.9785282877210502
KYW692,0.7205700731894191
KYW693,0.1106490017954932
KYW694,0.9498389147261999
KYW695,0.9649901221016153
KYW696,0.7395813475340843
KYW697,0.6728215405127426
KYW698,0.8714456419180164
KYW699,0.8790121504497247
KYW700,0.3733756757281793
KYW701,0.14312345027462348
KYW702,0.6488817565481483
KYW703,0.7169708203933575
KYW704,0.2989159838227399
KYW705,0.25681153275767665
KYW706,0.03553312979972689
KYW707,0.5015938021808756
KYW708,0.710014248131383
KYW709,0.8523406780160092
KYW710,0.868364443766489
KYW711,0.6612782424786863
KYW712,0.35726304003778386
KYW713,0.8692287232855544
KYW714,0.31139947434716797
KYW715,0.16214121635490986
KYW716,0.1444090988192609
KYW717,0.7086741651373478
KYW718,0.08325484730296817
KYW719,0.7595540922166495
KYW720,0.4827387985839249
KYW721,0.5562108264803413
KYW722,0.3352087676693182
KYW723,0.3266865665743187
KYW724,0.3754825499094202
KYW725,0.5117201219290692
KYW726,0.7827736939020132
KYW727,0.9893939979405004
KYW728,0.8489267614639141
KYW729,0.6442565858355522
KYW730,0.7302482850308579
KYW731,0.8759179584135127
KYW732,0.7264041338937347
KYW733,0.5231746707045224
KYW734,0.3321624003382432
KYW735,0.4167889550027748
KYW736,0.5835606435351932
KYW737,0.11257342405735216
KYW738,0.08651078806670465
KYW739,0.5742812201630288
KYW740,0.2750403566659314
KYW741,0.14132980809194773
KYW742,0.3301916442996202
KYW743,0.2653514724233652
KYW744,0.9178568443686296
KYW745,0.7398571195873254
KYW746,0.3414286048063824
KYW747,0.539703119242681
KYW748,0.8074999705473533
KYW749,0.9386545692141299
KYW750,0.8884652088617774
KYW751,0.6259627025494658
KYW752,0.7560348772922858
KYW753,0.34117211543262593
KYW754,0.8302357865038831
KYW755,0.5093888307809277
KYW756,0.36301897025100205
KYW757,0.6733835204879441
KYW758,0.8994892400790641
KYW759,0.3970555340490841
KYW760,0.7958408995436547
KYW761,0.47352240807880386
KYW762,0.701718767037006
KYW763,0.7405134823831229
KYW764,0.7435395453139115
KYW765,0.23560392658665208
KYW766,0.6142710382993427
KYW767,0.7403209280245179
KYW768,0.7885976402302047
KYW769,0.3857160713393959
KYW770,0.9171500383168594
KYW771,0.721767987585961
KYW772,0.17511329680923549
KYW773,0.03650133500909725
KYW774,0.6371233013161012
KYW775,0.1281520941598494
KYW776,0.22798748336191643
KYW777,0.6108169429061924
KYW778,0.6844415593763296
KYW779,0.12397833884108667
KYW780,0.5712368852746046
KYW781,0.44854949390632326
KYW782,0.09739272001702048
KYW783,0.7734872263434239
KYW784,0.22901901089680887
KYW785,0.8568912931423819
KYW786,0.09667001853463941
KYW787,0.9092613991374989
KYW788,0.9541405200951563
KYW789,0.6651745009167451
KYW790,0.2417569973700795
KYW791,0.4120231067034533
KYW792,0.8264005492466272
KYW793,0.950794154336264
KYW794,0.6251070997932763
KYW795,0.8345112415351595
KYW796,0.003621522952680034
KYW797,0.9161591382870113
KYW798,0.9673647664795039
KYW799,0.31156533426382893
KYW800,0.9661062439181544
KYW801,0.7972901266032535
KYW802,0.35538431089015066
KYW803,0.7411563904008094
KYW804,0.13605139151278345
KYW805,0.08079615836620413
KYW806,0.4305944387234447
KYW807,0.6108823332047235
KYW808,0.8500909116806946
KYW809,0.7276766686404189
KYW810,0.7066014480150333
KYW811,0.5672927352021175
KYW812,0.6472418508314732
KYW813,0.5470273843537286
KYW814,0.01802148005068205
KYW815,0.05524254245877802
KYW816,0.6059535186789947
KYW817,0.7382871626717485
KYW818,0.1523528653919145
KYW819,0.4893979160083529
KYW820,0.9652068301448706
KYW821,0.2855556090806213
KYW822,0.7325332758937619
KYW823,0.2800166749315852
KYW824,0.9787031241081654
KYW825,0.9349299087422915
KYW826,0.3797670111022017
KYW827,0.3757126185501908
KYW828,0.8027971679848692
KYW829,0.06292002024124721
KYW830,0.8944658370285216
KYW831,0.7574837875469739
KYW832,0.9629584711699318
KYW833,0.5974344923305899
KYW834,0.6381136201880065
KYW835,0.8914460025759624
KYW836,0.6165522592527412
KYW837,0.2552518739153359
KYW838,0.31241900583530824
KYW839,0.7947431250419329
KYW840,0.7011776026203048
KYW841,0.15206712246033094
KYW842,0.4966144203568561
KYW843,0.6892619289638457
KYW844,0.49307128727077765
KYW845,0.7406257869134393
KYW846,0.44007415684237916
KYW847,0.6073497335281504
KYW848,0.6382378065685937
KYW849,0.6266112703894203
KYW850,0.15382267666992144
KYW851,0.503447756070531
KYW852,0.4659169175691301
KYW853,0.5137779402877586
KYW854,0.5800856761840428
KYW855,0.5942217883813136
KYW856,0.2965901225571901
KYW857,0.8537156137266377
KYW858,0.774423229808998
KYW859,0.490529341755393
KYW860,0.17813134756580162
KYW861,0.5934255385015618
KYW862,0.5772928472487979
KYW863,0.6516595672640392
KYW864,0.10792139678703616
KYW865,0.5990664111352272
KYW866,0.20534021069130204
KYW867,0.012458880181292153
KYW868,0.07433466692603286
KYW869,0.4451805783063848
KYW870,0.34528766209360784
KYW871,0.991578934448019
KYW872,0.5497163963982816
KYW873,0.24866742098945793
KYW874,0.6587024089015696
KYW875,0.17254038593772003
KYW876,0.4790666112353025
KYW877,0.9077628317777435
KYW878,0.4147224284804575
KYW879,0.9642286949325818
KYW880,0.4647909403114634
KYW881,0.9778956603499418
KYW882,0.0220268327788411
KYW883,0.9499214048517318
KYW884,0.8264073070392678
KYW885,0.6589932966517932
KYW886,0.9482371317193873
KYW887,0.7363774421304076
KYW888,0.5498666735888483
KYW889,0.02642295279573048
KYW890,0.681104951784871
KYW891,0.8873832406266421
KYW892,0.37143535925266535
KYW893,0.3894776725530352
KYW894,0.8644719107820651
KYW895,0.5961063307739803
KYW896,0.11274973265027532
KYW897,0.8418159507732832
KYW898,0.18230208391509972
KYW899,0.5109677969852422
KYW900,0.21001589031750456
KYW901,0.0028091480728088536
KYW902,0.031235785646216874
KYW903,0.2140997054546041
KYW904,0.272910165696548
KYW905,0.4535186137220999
KYW906,0.5706610434050448
KYW907,0.2536120997437955
KYW908,0.9434207737071069
KYW909,0.3424708532789553
KYW910,0.10386850527887803
KYW911,0.8913745578455782
KYW912,0.2805432309599256
KYW913,0.17444638250133937
KYW914,0.5743295103592218
KYW915,0.7188499623688942
KYW916,0.68458141710498
KYW917,0.3089363210509607
KYW918,0.3627146850916585
KYW919,0.20361845595997696
KYW920,0.9434220959257291
KYW921,0.19845080014374372
KYW922,0.7223282611457708
KYW923,0.030548385800719835
KYW924,0.7178048225544391
KYW925,0.8032017917001628
KYW926,0.7107167232329049
KYW927,0.19001587442377899
KYW928,0.5517694598905434
KYW929,0.8368728264132549
KYW930,0.10629191387758963
KYW931,0.05286506828333826
KYW932,0.4989293049062622
KYW933,0.0035614426830078427
KYW934,0.32448545388483185
KYW935,0.23547509512459497
KYW936,0.3012318162432637
KYW937,0.8264048767455278
KYW938,0.35834954324786217
KYW939,0.8273532209310751
KYW940,0.9916898482117936
KYW941,0.8933413664842901
KYW942,0.8359264331237235
KYW943,0.7724724652438417
KYW944,0.016443526715995915
KYW945,0.31234879024665263
KYW946,0.19237250151031482
KYW947,0.6531429695001579
KYW948,0.27080083449174097
KYW949,0.9934749138639619
KYW950,0.23651416025706906
KYW951,0.3085905165093743
KYW952,0.19244524414241237
KYW953,0.4263176084631214
KYW954,0.40260336532836616
KYW955,0.5999567586077637
KYW956,0.7318834620721506
KYW957,0.07357144688464679
KYW958,0.11366343068919416
KYW959,0.22807508539517196
KYW960,0.04465528615550485
KYW961,0.6926953445018081
KYW962,0.8595126338423213
KYW963,0.4174155017535668
KYW964,0.18839732564614542
KYW965,0.6344083322827262
KYW966,0.7085469397420738
KYW967,0.47688975442775905
KYW968,0.11701573263886011
KYW969,0.9644253780955913
KYW970,0.8191531702408871
KYW971,0.4520979921772399
KYW972,0.5210666737529228
KYW973,0.6638749690285338
KYW974,0.0905503199864035
KYW975,0.11282301776623394
KYW976,0.7057366553635748
KYW977,0.8006056546522672
KYW978,0.31988769027545405
KYW979,0.8353913523866551
KYW980,0.9451286533864391
KYW981,0.25618433089922776
KYW982,0.5091923902225581
KYW983,0.8025135982362964
KYW984,0.8762957505586826
KYW985,0.2762647376177193
KYW986,0.08463713856842603
KYW987,0.5331844015081498
KYW988,0.2881173904222719
KYW989,0.7595299719707763
KYW990,0.7083313000795439
KYW991,0.4861655819325853
KYW992,0.28358635115036634
KYW993,0.05184201894152762
KYW994,0.4481123314867518
KYW995,0.14209659982075507
KYW996,0.572860393844195
KYW997,0.6994810440669577
KYW998,0.7311257424275027
KYW999,0.6234945348055034
KYW1000,0.8176488250828101
KYW1001,0.9380206591926877
KYW1002,0.35571068882666
KYW1003,0.46138882075681864
KYW1004,0.9394154867573358
KYW1005,0.6672141043151281
KYW1006,0.07277565161463329
KYW1007,0.5687024536509726
KYW1008,0.0354866874930474
KYW1009,0.8713919872477327
KYW1010,0.8566199368666535
KYW1011,0.13711356520786844
KYW1012,0.41907489388384245
KYW1013,0.5310057417856483
KYW1014,0.9903720152024182
KYW1015,0.33001771451478135
KYW1016,0.2609623553120137
KYW1017,0.026632998846715994
KYW1018,0.2315174973204488
KYW1019,0.3991344893290566
KYW1020,0.9120020502632129
KYW1021,0.26128800786576734
KYW1022,0.9322748495619255
KYW1023,0.02694851447295732
KYW1024,0.2643986430316114
KYW1025,0.5792381224113288
KYW1026,0.2520620286664401
KYW1027,0.14343696649964666
KYW1028,0.509091035824253
KYW1029,0.9230374321811039
KYW1030,0.2997240140787133
KYW1031,0.10888624338498942
KYW1032,0.5442611439676179
KYW1033,0.09258500066128683
KYW1034,0.3536309456542278
KYW1035,0.21010653523080602
KYW1036,0.4386025093259215
KYW1037,0.2581533327991401
KYW1038,0.5504317806398401
KYW1039,0.2793435951166744
KYW1040,0.8723212664725879
KYW1041,0.8245673607208912
KYW1042,0.1612761802464886
KYW1043,0.5558624078693456
KYW1044,0.06776507656790465
KYW1045,0.891736001140101
KYW1046,0.7288297498736453
KYW1047,0.1267678903691528
KYW1048,0.5342049536971435
KYW1049,0.7539024778896228
KYW1050,0.8764584712041041
KYW1051,0.1283258929948441
KYW1052,0.6590426954612812
KYW1053,0.9094880184099704
KYW1054,0.8236799265673695
KYW1055,0.46130149967838197
KYW1056,0.22382097821640534
KYW1057,0.11776796919351262
KYW1058,0.299063124026297
KYW1059,0.010423916729970006
KYW1060,0.10266911774435705
KYW1061,0.37213592801559314
KYW1062,0.8925800188547416
KYW1063,0.9411813548837129
KYW1064,0.17259956164912993
KYW1065,0.6737469265171939
KYW1066,0.22327336876804194
KYW1067,0.9064906284243437
KYW1068,0.8861519789102247
KYW1069,0.7242118393464917
KYW1070,0.7162415559899351
KYW1071,0.39942775444309064
KYW1072,0.3131278405038357
KYW1073,0.20689265819177827
KYW1074,0.23002023463506405
KYW1075,0.5219695111251778
KYW1076,0.8465986362028562
KYW1077,0.9264702993029462
KYW1078,0.12299547209273454
KYW1079,0.6717909488540489
KYW1080,0.21598719580188208
KYW1081,0.894095825140463
KYW1082,0.4275876398804753
KYW1083,0.9930130339238407
KYW1084,0.7211913316028412
KYW1085,0.2965680424528534
KYW1086,0.7871425153119345
KYW1087,0.5806346441808631
KYW1088,0.8915849641115577
KYW1089,0.8241653995602028
KYW1090,0.6303774794234749
KYW1091,0.733817485578212
KYW1092,0.7086681662539883
KYW1093,0.31086452448012225
KYW1094,0.3551748116847919
KYW1095,0.5424987320971598
KYW1096,0.7311461985068352
KYW1097,0.7703134081148083
KYW1098,0.7459365344460459
KYW1099,0.525712956858978
KYW1100,0.10589035217782039
KYW1101,0.44154890317747075
KYW1102,0.9307445990677633
KYW1103,0.39452927013841443
KYW1104,0.3541571355343558
KYW1105,0.7307825961001367
KYW1106,0.773930775670942
KYW1107,0.9913713721628422
KYW1108,0.7386912318735802
KYW1109,0.7263953380510588
KYW1110,0.34592212303210546
KYW1111,0.3811945397200551
KYW1112,0.5644559249981914
KYW1113,0.6335030846538313
KYW1114,0.4037909586260525
KYW1115,0.14768748667798037
KYW1116,0.9465529624136925
KYW1117,0.1286259009356071
KYW1118,0.1881586915733946
KYW1119,0.7972650518479866
KYW1120,0.44658450475866207
KYW1121,0.604503710764283
KYW1122,0.8133715183648169
KYW1123,0.08412389389341546
KYW1124,0.21899844321441164
KYW1125,0.21106316155346794
KYW1126,0.46353345308450333
KYW1127,0.019137726583424164
KYW1128,0.3222036796503521
KYW1129,0.347622605387369
KYW1130,0.7230642988815158
KYW1131,0.5798619664516996
KYW1132,0.6653871517325213
KYW1133,0.9037328300803962
KYW1134,0.022136918656194715
KYW1135,0.6822869726520584
KYW1136,0.09241961732199855
KYW1137,0.3485312370224709
KYW1138,0.44053868710922905
KYW1139,0.3590442953825248
KYW1140,0.0657302399473052
KYW1141,0.9730881550828414
KYW1142,0.34448656359580365
KYW1143,0.24986581023755539
KYW1144,0.2259163678464715
KYW1145,0.24462969029525272
KYW1146,0.3079658009983278
KYW1147,0.05954488947419856
KYW1148,0.48064019333287067
KYW1149,0.6790476522702691
KYW1150,0.7745982197845724
KYW1151,0.5242079172687667
KYW1152,0.8737145161461941
KYW1153,0.8825247459370381
KYW1154,0.5104020425905381
KYW1155,0.9535090910222533
KYW1156,0.40245653587325214
KYW1157,0.8631301893894895
KYW1158,0.08866994429113706
KYW1159,0.2150241370063536
KYW1160,0.5215255804177142
KYW1161,0.08815761953707812
KYW1162,0.11610808817314855
KYW1163,0.70899050107798
KYW1164,0.36762793005709093
KYW1165,0.0007434301611803917
KYW1166,0.9854537332720263
KYW1167,0.6027596573806239
KYW1168,0.47750268928005524
KYW1169,0.9696573164693336
KYW1170,0.8144969787916904
KYW1171,0.2310754057786193
KYW1172,0.3490401252379307
KYW1173,0.542351384207467
KYW1174,0.895261744120711
KYW1175,0.13300523585821644
KYW1176,0.9642626315156358
KYW1177,0.1115514448947511
KYW1178,0.43074782468176886
KYW1179,0.9412517842813115
KYW1180,0.6896684389679013
KYW1181,0.02312515319297459
KYW1182,0.9492226015267
KYW1183,0.5831335408488708
KYW1184,0.49439750916152114
KYW1185,0.6874776638130066
KYW1186,0.09528324633015217
KYW1187,0.7305952210547586
KYW1188,0.9769930055085533
KYW1189,0.15226031136709017
KYW1190,0.8232215580949444
KYW1191,0.9863439238638909
KYW1192,0.6068820647077486
KYW1193,0.0712006594333845
